{
  "numScans": 32, 
  "name": "manual_evaluation", 
  "scanMetadata": {
    "range_max": 30.0, 
    "angle_max": 2.356194496154785, 
    "angle_increment": 0.004363323096185923, 
    "angle_min": -2.356194496154785, 
    "range_min": 0.019999999552965164
  }, 
  "mapName": "GDC1", 
  "sourceBag": "/home/kavan/Research/bags/2020-03-05-17-51-12-GDC1-south.bag", 
  "startTime": 1583452272.5174668
}
