{
  "numScans": 115, 
  "name": "manual_evaluation", 
  "scanMetadata": {
    "range_max": 30.0, 
    "angle_max": 2.356194496154785, 
    "angle_increment": 0.004363323096185923, 
    "angle_min": -2.356194496154785, 
    "range_min": 0.019999999552965164
  }, 
  "mapName": "GDC3", 
  "sourceBag": "/home/kavan/Research/bags/2020-03-09-19-02-17-GDC3-long.bag", 
  "startTime": 1583798538.1466162
}